TargetCompanyKvk;Value;SchemeDescription;Dataset;Scheme;StartTimestamp;EndTimestamp;ActiveTimestamp;InactiveTimestamp;Trustlevel
70573417;101037;Klantnummer Vitelia;Commercial;custom;;;28-9-2022 07:20;;2
57559848;101067;Klantnummer Vitelia;Commercial;custom;;;28-9-2022 07:23;;2
60350911;101563;Klantnummer Vitelia;Commercial;custom;;;28-9-2022 07:38;;2
60350911;101564;Klantnummer Vitelia;Commercial;custom;;;28-9-2022 07:38;;2
12066039;101649;Klantnummer Vitelia;Commercial;custom;;;28-9-2022 07:39;;2
12066039;101650;Klantnummer Vitelia;Commercial;custom;;;28-9-2022 07:39;;2
12066039;101651;Klantnummer Vitelia;Commercial;custom;;;28-9-2022 07:39;;2
73637556;101657;Klantnummer Vitelia;Commercial;custom;;;28-9-2022 07:44;;2
73637556;101658;Klantnummer Vitelia;Commercial;custom;;;28-9-2022 07:44;;2
14128049;103213;Klantnummer Vitelia;Commercial;custom;;;28-9-2022 07:44;;2
14128049;103215;Klantnummer Vitelia;Commercial;custom;;;28-9-2022 07:45;;2
56160887;103219;Klantnummer Vitelia;Commercial;custom;;;28-9-2022 07:46;;2
30283567;113461;Klantnummer Vitelia;Commercial;custom;;;28-9-2022 07:47;;2
78456517;114134;Klantnummer Vitelia;Commercial;custom;;;28-9-2022 07:49;;2
81267193;114635;Klantnummer Vitelia;Commercial;custom;;;28-9-2022 07:49;;2
80728111;114653;Klantnummer Vitelia;Commercial;custom;;;28-9-2022 07:50;;2
76686329;115226;Klantnummer Vitelia;Commercial;custom;;;28-9-2022 07:50;;2
14106062;116412;Klantnummer Vitelia;Commercial;custom;;;28-9-2022 07:50;;2
55427405;116671;Klantnummer Vitelia;Commercial;custom;;;28-9-2022 07:51;;2
55427405;116673;Klantnummer Vitelia;Commercial;custom;;;28-9-2022 07:51;;2
83666303;116986;Klantnummer Vitelia;Commercial;custom;;;28-9-2022 07:51;;2
61260053;117064;Klantnummer Vitelia;Commercial;custom;;;28-9-2022 07:52;;2
78653347;117069;Klantnummer Vitelia;Commercial;custom;;;28-9-2022 07:53;;2
12066039;117101;Klantnummer Vitelia;Commercial;custom;;;28-9-2022 07:53;;2
76558452;117346;Klantnummer Vitelia;Commercial;custom;;;28-9-2022 07:53;;2
85448923;117484;Klantnummer Vitelia;Commercial;custom;;;28-9-2022 07:53;;2
72672900;117774;Klantnummer Vitelia;Commercial;custom;;;28-9-2022 07:54;;2
81525958;117843;Klantnummer Vitelia;Commercial;custom;;;28-9-2022 07:54;;2
53140281;101379;Klantnr;Commercial;custom;;;22-12-2021 12:59;;2
82407215;116419;Klantnummer Vitelia;Commercial;custom;;;28-4-2023 11:04;;2
85448923;117480;Klantnummer Vitelia;Commercial;custom;;;1-5-2023 09:28;;2
82597278;115945;Klantnummer Vitelia;Commercial;custom;;;17-1-2022 11:28;;2
82784175;115983;Klantnummer;Commercial;custom;;;4-6-2021 11:49;;2
14119686;115400;Klantnummer;Commercial;custom;;;10-6-2021 07:02;;2
17157887;117755;;Commercial;custom;;;8-11-2023 11:31;;2
89267281;118206;Klantnummer Vitelia;Commercial;custom;;;16-2-2023 11:23;;1
88155560;101366;;Commercial;custom;;;30-7-2020 14:11;;1
55075800;117415;Klantnummer Vitelia;Commercial;custom;;;1-11-2022 07:26;;2
57578176;114356;Klantnummer;Commercial;custom;;;11-6-2021 09:48;;2
81006241;118234;Klantnummer Vitelia;Commercial;custom;;;28-6-2023 10:04;;2
76357430;115904;Klantnummer Vitelia;Commercial;custom;;;2-8-2023 11:48;;2
88754839;101382;;Commercial;custom;;;30-7-2020 14:11;;1
88754839;117053;Klantnummer Vitelia;Commercial;custom;;;28-9-2022 07:52;;1
53485610;115300;;Commercial;custom;;;21-11-2023 10:32;;2
54158672;101198;;Commercial;custom;;;21-12-2022 08:56;;2
61711268;118201;;Commercial;custom;;;28-6-2023 10:17;;2
70468427;117021;Klant nummer;Commercial;custom;;;15-2-2022 09:36;;2
14115342;101125;Klantnummer;Commercial;custom;;;24-8-2021 11:12;;2
67929281;116988;Klant nummer;Commercial;custom;;;15-2-2022 10:32;;2
56160887;103217;Klantnummer;Commercial;custom;;;10-2-2022 08:01;;2
09135785;114390;Vitelia Voeders;Commercial;custom;;;4-1-2021 09:50;;2
88469697;118302;Klantnummer;Commercial;custom;;;7-7-2023 10:00;;2
67929281;112339;Klant nummer;Commercial;custom;;;15-2-2022 10:32;;2
58868844;101284;;Commercial;custom;;;23-11-2023 11:34;;2
12015521;101133;;Commercial;custom;;;30-7-2020 14:11;;2
88469697;118298;Klantnummer;Commercial;custom;;;7-7-2023 10:01;;2
81546025;118024;Klantnummer Vitelia;Commercial;custom;;;15-11-2022 12:42;;2
12037053;101079;;Commercial;custom;;;30-7-2020 14:11;;2
12037228;101307;;Commercial;custom;;;30-7-2020 14:11;;2
12037399;101395;;Commercial;custom;;;30-7-2020 14:11;;2
12029218;101590;;Commercial;custom;;;30-7-2020 14:11;;2
12012452;101370;;Commercial;custom;;;30-7-2020 14:11;;2
12037914;101017;;Commercial;custom;;;30-7-2020 14:11;;2
17225029;101354;;Commercial;custom;;;30-7-2020 14:11;;2
17223613;101127;;Commercial;custom;;;30-7-2020 14:11;;2
17223602;101548;;Commercial;custom;;;30-7-2020 14:11;;2
17220920;112015;;Commercial;custom;;;30-7-2020 14:11;;2
17219975;103203;;Commercial;custom;;;30-7-2020 14:11;;2
17216066;101251;;Commercial;custom;;;30-7-2020 14:11;;2
17232946;101323;;Commercial;custom;;;30-7-2020 14:11;;2
17244015;101311;;Commercial;custom;;;30-7-2020 14:11;;2
17265566;113134;;Commercial;custom;;;30-7-2020 14:11;;2
17264412;101227;;Commercial;custom;;;30-7-2020 14:11;;2
17264404;101015;;Commercial;custom;;;30-7-2020 14:11;;2
17262971;101058;;Commercial;custom;;;30-7-2020 14:11;;2
17257495;101038;;Commercial;custom;;;30-7-2020 14:11;;2
17252170;101035;;Commercial;custom;;;30-7-2020 14:11;;2
17200598;103557;;Commercial;custom;;;30-7-2020 14:11;;2
17198159;101414;;Commercial;custom;;;30-7-2020 14:11;;2
17197922;101185;;Commercial;custom;;;30-7-2020 14:11;;2
17194126;101653;;Commercial;custom;;;30-7-2020 14:11;;2
17185764;101389;;Commercial;custom;;;30-7-2020 14:11;;2
17183944;101386;;Commercial;custom;;;30-7-2020 14:11;;2
17183777;101291;;Commercial;custom;;;30-7-2020 14:11;;2
17183071;101201;;Commercial;custom;;;30-7-2020 14:11;;2
17182524;103171;;Commercial;custom;;;30-7-2020 14:11;;2
17173704;101031;;Commercial;custom;;;30-7-2020 14:11;;2
17207232;101002;;Commercial;custom;;;30-7-2020 14:11;;2
17273109;101295;;Commercial;custom;;;30-7-2020 14:11;;2
17273354;101316;;Commercial;custom;;;30-7-2020 14:11;;2
17273692;101136;;Commercial;custom;;;30-7-2020 14:11;;2
51474417;101429;;Commercial;custom;;;30-7-2020 14:11;;2
51259087;101244;;Commercial;custom;;;30-7-2020 14:11;;2
50962868;101071;;Commercial;custom;;;30-7-2020 14:11;;2
50816616;101047;;Commercial;custom;;;30-7-2020 14:11;;2
51513900;101087;;Commercial;custom;;;30-7-2020 14:11;;2
50686798;101242;;Commercial;custom;;;30-7-2020 14:11;;2
50548271;101435;;Commercial;custom;;;30-7-2020 14:11;;2
50679732;101070;;Commercial;custom;;;30-7-2020 14:11;;2
51865440;101042;;Commercial;custom;;;30-7-2020 14:11;;2
51939916;111997;;Commercial;custom;;;30-7-2020 14:11;;2
52994503;101552;;Commercial;custom;;;30-7-2020 14:11;;2
52953335;112001;;Commercial;custom;;;30-7-2020 14:11;;2
52917487;101081;;Commercial;custom;;;30-7-2020 14:11;;2
52890880;101030;;Commercial;custom;;;30-7-2020 14:11;;2
52723658;101163;;Commercial;custom;;;30-7-2020 14:11;;2
52584305;101559;;Commercial;custom;;;30-7-2020 14:11;;2
52505197;101006;;Commercial;custom;;;30-7-2020 14:11;;2
52491994;101292;;Commercial;custom;;;30-7-2020 14:11;;2
52438694;101148;;Commercial;custom;;;30-7-2020 14:11;;2
52366308;101059;;Commercial;custom;;;30-7-2020 14:11;;2
52362531;101258;;Commercial;custom;;;30-7-2020 14:11;;2
52307670;101421;;Commercial;custom;;;30-7-2020 14:11;;2
52040690;104054;;Commercial;custom;;;30-7-2020 14:11;;2
50480219;101080;;Commercial;custom;;;30-7-2020 14:11;;2
50423878;101012;;Commercial;custom;;;30-7-2020 14:11;;2
50068105;101221;;Commercial;custom;;;30-7-2020 14:11;;2
17281011;101033;;Commercial;custom;;;30-7-2020 14:11;;2
17280781;101253;;Commercial;custom;;;30-7-2020 14:11;;2
17278316;103483;;Commercial;custom;;;30-7-2020 14:11;;2
17276450;101193;;Commercial;custom;;;30-7-2020 14:11;;2
17275728;101277;;Commercial;custom;;;30-7-2020 14:11;;2
14113515;101402;Vitelia klantnummer;Commercial;custom;;;30-7-2020 14:11;;2
14113986;103114;;Commercial;custom;;;30-7-2020 14:11;;2
14113196;101280;;Commercial;custom;;;30-7-2020 14:11;;2
14112825;103760;;Commercial;custom;;;30-7-2020 14:11;;2
14112776;101627;;Commercial;custom;;;30-7-2020 14:11;;2
14112776;112199;;Commercial;custom;;;30-7-2020 14:11;;2
14112676;103784;;Commercial;custom;;;30-7-2020 14:11;;2
14112667;101290;;Commercial;custom;;;30-7-2020 14:11;;2
14113451;101423;;Commercial;custom;;;30-7-2020 14:11;;2
14122077;101360;;Commercial;custom;;;30-7-2020 14:11;;2
14121421;101406;;Commercial;custom;;;30-7-2020 14:11;;2
14120091;103228;;Commercial;custom;;;30-7-2020 14:11;;2
14119630;101397;;Commercial;custom;;;30-7-2020 14:11;;2
14119580;101304;;Commercial;custom;;;30-7-2020 14:11;;2
14118963;101373;;Commercial;custom;;;30-7-2020 14:11;;2
14118856;101440;;Commercial;custom;;;30-7-2020 14:11;;2
14117629;101387;;Commercial;custom;;;30-7-2020 14:11;;2
14117320;101568;;Commercial;custom;;;30-7-2020 14:11;;2
14116524;101231;;Commercial;custom;;;30-7-2020 14:11;;2
14115508;112013;;Commercial;custom;;;30-7-2020 14:11;;2
14115461;101527;;Commercial;custom;;;30-7-2020 14:11;;2
14115342;101124;;Commercial;custom;;;30-7-2020 14:11;;2
14114794;101645;;Commercial;custom;;;30-7-2020 14:11;;2
14114421;101192;;Commercial;custom;;;30-7-2020 14:11;;2
14112658;103129;;Commercial;custom;;;30-7-2020 14:11;;2
14112554;101308;;Commercial;custom;;;30-7-2020 14:11;;2
14112524;101036;;Commercial;custom;;;30-7-2020 14:11;;2
14111196;103243;;Commercial;custom;;;30-7-2020 14:11;;2
14107232;103119;;Commercial;custom;;;30-7-2020 14:11;;2
14100483;103222;;Commercial;custom;;;30-7-2020 14:11;;2
14099238;101084;;Commercial;custom;;;30-7-2020 14:11;;2
14042387;101319;;Commercial;custom;;;30-7-2020 14:11;;2
14033686;101240;;Commercial;custom;;;30-7-2020 14:11;;2
13042390;101533;;Commercial;custom;;;30-7-2020 14:11;;2
13030618;101082;;Commercial;custom;;;30-7-2020 14:11;;2
13030069;101641;;Commercial;custom;;;30-7-2020 14:11;;2
13013518;101224;;Commercial;custom;;;30-7-2020 14:11;;2
12067350;101213;;Commercial;custom;;;30-7-2020 14:11;;2
12067107;101204;;Commercial;custom;;;30-7-2020 14:11;;2
12066889;101535;;Commercial;custom;;;30-7-2020 14:11;;2
12066823;101419;;Commercial;custom;;;30-7-2020 14:11;;2
12066597;101463;;Commercial;custom;;;30-7-2020 14:11;;2
14122109;101191;;Commercial;custom;;;30-7-2020 14:11;;2
14111289;101190;;Commercial;custom;;;30-7-2020 14:11;;2
14112492;101265;;Commercial;custom;;;30-7-2020 14:11;;2
14112459;101371;;Commercial;custom;;;30-7-2020 14:11;;2
14112452;101049;;Commercial;custom;;;30-7-2020 14:11;;2
14112450;101377;;Commercial;custom;;;30-7-2020 14:11;;2
14112141;101383;;Commercial;custom;;;30-7-2020 14:11;;2
14112120;103473;;Commercial;custom;;;30-7-2020 14:11;;2
14112096;101288;;Commercial;custom;;;30-7-2020 14:11;;2
14111950;101061;;Commercial;custom;;;30-7-2020 14:11;;2
14111865;101380;;Commercial;custom;;;30-7-2020 14:11;;2
14111816;101302;;Commercial;custom;;;30-7-2020 14:11;;2
14111528;101593;;Commercial;custom;;;30-7-2020 14:11;;2
14129285;101428;;Commercial;custom;;;30-7-2020 14:11;;2
14128802;101286;;Commercial;custom;;;30-7-2020 14:11;;2
14128241;101404;;Commercial;custom;;;30-7-2020 14:11;;2
14128049;101085;;Commercial;custom;;;30-7-2020 14:11;;2
14128025;101434;;Commercial;custom;;;30-7-2020 14:11;;2
14128019;101023;;Commercial;custom;;;30-7-2020 14:11;;2
14128681;101372;;Commercial;custom;;;30-7-2020 14:11;;2
14129460;101223;;Commercial;custom;;;30-7-2020 14:11;;2
14129742;101426;;Commercial;custom;;;30-7-2020 14:11;;2
16086098;101417;;Commercial;custom;;;30-7-2020 14:11;;2
16068365;101229;;Commercial;custom;;;30-7-2020 14:11;;2
16061294;101100;;Commercial;custom;;;30-7-2020 14:11;;2
16061053;101268;;Commercial;custom;;;30-7-2020 14:11;;2
16056044;101446;;Commercial;custom;;;30-7-2020 14:11;;2
16033931;101450;;Commercial;custom;;;30-7-2020 14:11;;2
16016277;104004;;Commercial;custom;;;30-7-2020 14:11;;2
14132669;103165;;Commercial;custom;;;30-7-2020 14:11;;2
14131561;101298;;Commercial;custom;;;30-7-2020 14:11;;2
14130699;101202;;Commercial;custom;;;30-7-2020 14:11;;2
14130298;101028;;Commercial;custom;;;30-7-2020 14:11;;2
14127941;103174;;Commercial;custom;;;30-7-2020 14:11;;2
14125749;101194;;Commercial;custom;;;30-7-2020 14:11;;2
14125674;101009;;Commercial;custom;;;30-7-2020 14:11;;2
14125661;101328;;Commercial;custom;;;30-7-2020 14:11;;2
14125660;101376;;Commercial;custom;;;30-7-2020 14:11;;2
14125555;101346;;Commercial;custom;;;30-7-2020 14:11;;2
14125467;101333;;Commercial;custom;;;30-7-2020 14:11;;2
14125412;101226;;Commercial;custom;;;30-7-2020 14:11;;2
14125347;103207;;Commercial;custom;;;30-7-2020 14:11;;2
14125238;101273;;Commercial;custom;;;30-7-2020 14:11;;2
14125221;101349;;Commercial;custom;;;30-7-2020 14:11;;2
14125178;101062;;Commercial;custom;;;30-7-2020 14:11;;2
14125088;101217;;Commercial;custom;;;30-7-2020 14:11;;2
14124553;101556;;Commercial;custom;;;30-7-2020 14:11;;2
14124452;101234;;Commercial;custom;;;30-7-2020 14:11;;2
14123556;101318;;Commercial;custom;;;30-7-2020 14:11;;2
14125778;101276;;Commercial;custom;;;30-7-2020 14:11;;2
14122519;101289;Vitelia klantnummer;Commercial;custom;;;30-7-2020 14:11;;2
14125954;103140;;Commercial;custom;;;30-7-2020 14:11;;2
14126220;101669;;Commercial;custom;;;30-7-2020 14:11;;2
14127933;101425;;Commercial;custom;;;30-7-2020 14:11;;2
14127919;101427;;Commercial;custom;;;30-7-2020 14:11;;2
14127903;101064;;Commercial;custom;;;30-7-2020 14:11;;2
14127885;101470;Klantnummer (overgenomen uit EDI-Circle);Commercial;custom;;;30-7-2020 14:11;;2
14127772;101347;;Commercial;custom;;;30-7-2020 14:11;;2
14127742;101405;;Commercial;custom;;;30-7-2020 14:11;;2
14127449;101232;;Commercial;custom;;;30-7-2020 14:11;;2
14127440;112067;;Commercial;custom;;;30-7-2020 14:11;;2
14127402;101303;;Commercial;custom;;;30-7-2020 14:11;;2
14127205;101052;;Commercial;custom;;;30-7-2020 14:11;;2
14126629;101117;;Commercial;custom;;;30-7-2020 14:11;;2
14126316;101363;;Commercial;custom;;;30-7-2020 14:11;;2
14125963;101032;;Commercial;custom;;;30-7-2020 14:11;;2
71751351;101096;;Commercial;custom;;;30-7-2020 14:11;;2
71308156;101369;;Commercial;custom;;;30-7-2020 14:11;;2
71898166;101018;;Commercial;custom;;;30-7-2020 14:11;;2
71308083;101309;;Commercial;custom;;;30-7-2020 14:11;;2
71295844;101246;;Commercial;custom;;;30-7-2020 14:11;;2
71293426;101008;;Commercial;custom;;;30-7-2020 14:11;;2
70960062;112020;;Commercial;custom;;;30-7-2020 14:11;;2
70612765;101142;;Commercial;custom;;;30-7-2020 14:11;;2
70563756;101294;;Commercial;custom;;;30-7-2020 14:11;;2
70527601;101075;;Commercial;custom;;;30-7-2020 14:11;;2
71306935;101247;;Commercial;custom;;;30-7-2020 14:11;;2
71915710;101313;;Commercial;custom;;;30-7-2020 14:11;;2
72902272;101189;;Commercial;custom;;;30-7-2020 14:11;;2
72741155;103193;;Commercial;custom;;;30-7-2020 14:11;;2
72467460;101420;;Commercial;custom;;;30-7-2020 14:11;;2
72284668;101078;;Commercial;custom;;;30-7-2020 14:11;;2
72051779;101410;;Commercial;custom;;;30-7-2020 14:11;;2
72049650;101409;;Commercial;custom;;;30-7-2020 14:11;;2
70468427;101073;;Commercial;custom;;;30-7-2020 14:11;;2
69943079;103255;;Commercial;custom;;;30-7-2020 14:11;;2
68399545;112280;;Commercial;custom;;;30-7-2020 14:11;;2
67990746;101257;;Commercial;custom;;;30-7-2020 14:11;;2
67464203;101356;;Commercial;custom;;;30-7-2020 14:11;;2
68575971;101385;;Commercial;custom;;;30-7-2020 14:11;;2
67436293;101151;;Commercial;custom;;;30-7-2020 14:11;;2
67319750;101029;;Commercial;custom;;;30-7-2020 14:11;;2
67315917;101039;;Commercial;custom;;;30-7-2020 14:11;;2
67116906;101045;;Commercial;custom;;;30-7-2020 14:11;;2
66944910;103128;;Commercial;custom;;;30-7-2020 14:11;;2
66808006;101214;;Commercial;custom;;;30-7-2020 14:11;;2
66745918;101587;;Commercial;custom;;;30-7-2020 14:11;;2
66745713;112267;;Commercial;custom;;;30-7-2020 14:11;;2
67328539;111990;;Commercial;custom;;;30-7-2020 14:11;;2
68752822;103230;;Commercial;custom;;;30-7-2020 14:11;;2
69058407;101077;;Commercial;custom;;;30-7-2020 14:11;;2
69943044;101353;;Commercial;custom;;;30-7-2020 14:11;;2
69899045;101022;;Commercial;custom;;;30-7-2020 14:11;;2
69893802;101209;;Commercial;custom;;;30-7-2020 14:11;;2
69853274;101256;;Commercial;custom;;;30-7-2020 14:11;;2
69686637;103143;Klantnummer (overgenomen uit EDI-Circle);Commercial;custom;;;30-7-2020 14:11;;2
69648166;103374;;Commercial;custom;;;30-7-2020 14:11;;2
69418160;101241;;Commercial;custom;;;30-7-2020 14:11;;2
69135282;101368;;Commercial;custom;;;30-7-2020 14:11;;2
69123810;101310;;Commercial;custom;;;30-7-2020 14:11;;2
69096503;101111;Klantnummer (overgenomen uit EDI-Circle);Commercial;custom;;;30-7-2020 14:11;;2
69096503;101112;Klantnummer (overgenomen uit EDI-Circle);Commercial;custom;;;30-7-2020 14:11;;2
69096503;101113;Klantnummer (overgenomen uit EDI-Circle);Commercial;custom;;;30-7-2020 14:11;;2
69064199;101076;;Commercial;custom;;;30-7-2020 14:11;;2
70334021;101250;;Commercial;custom;;;30-7-2020 14:11;;2
73038342;101278;Vitelia;Commercial;custom;;;30-7-2020 14:11;;2
12063436;101248;;Commercial;custom;;;30-7-2020 14:11;;2
12066038;101120;;Commercial;custom;;;30-7-2020 14:11;;2
12066039;101648;;Commercial;custom;;;30-7-2020 14:11;;2
09218290;101445;;Commercial;custom;;;30-7-2020 14:11;;2
09210884;101026;;Commercial;custom;;;30-7-2020 14:11;;2
12062292;101327;;Commercial;custom;;;30-7-2020 14:11;;2
09127257;101481;;Commercial;custom;;;30-7-2020 14:11;;2
09040992;101398;;Commercial;custom;;;30-7-2020 14:11;;2
08207868;104135;;Commercial;custom;;;30-7-2020 14:11;;2
08105124;101422;;Commercial;custom;;;30-7-2020 14:11;;2
08101931;101254;;Commercial;custom;;;30-7-2020 14:11;;2
08036966;101153;;Commercial;custom;;;30-7-2020 14:11;;2
78452538;113114;;Commercial;custom;;;30-7-2020 14:11;;2
09147819;101161;;Commercial;custom;;;30-7-2020 14:11;;2
12062246;101259;;Commercial;custom;;;30-7-2020 14:11;;2
12057662;101610;;Commercial;custom;;;30-7-2020 14:11;;2
12057047;101282;;Commercial;custom;;;30-7-2020 14:11;;2
12041238;101614;;Commercial;custom;;;30-7-2020 14:11;;2
12043504;101381;;Commercial;custom;;;30-7-2020 14:11;;2
12044040;103205;;Commercial;custom;;;30-7-2020 14:11;;2
12048719;101216;;Commercial;custom;;;30-7-2020 14:11;;2
76789144;101666;;Commercial;custom;;;30-7-2020 14:11;;2
76648540;101357;;Commercial;custom;;;30-7-2020 14:11;;2
76414124;103262;;Commercial;custom;;;30-7-2020 14:11;;2
76393410;101279;;Commercial;custom;;;30-7-2020 14:11;;2
75992019;103211;;Commercial;custom;;;30-7-2020 14:11;;2
75681668;103166;;Commercial;custom;;;30-7-2020 14:11;;2
75280582;101329;;Commercial;custom;;;30-7-2020 14:11;;2
66359066;101252;;Commercial;custom;;;30-7-2020 14:11;;2
66002990;101401;;Commercial;custom;;;30-7-2020 14:11;;2
55438989;101239;;Commercial;custom;;;30-7-2020 14:11;;2
55438873;103153;;Commercial;custom;;;30-7-2020 14:11;;2
55393381;101203;;Commercial;custom;;;30-7-2020 14:11;;2
55325262;101003;;Commercial;custom;;;30-7-2020 14:11;;2
55291376;101325;;Commercial;custom;;;30-7-2020 14:11;;2
55160999;101283;;Commercial;custom;;;30-7-2020 14:11;;2
54743265;101374;;Commercial;custom;;;30-7-2020 14:11;;2
55427405;101260;;Commercial;custom;;;30-7-2020 14:11;;2
55701965;101010;;Commercial;custom;;;30-7-2020 14:11;;2
55931391;101340;;Commercial;custom;;;30-7-2020 14:11;;2
56036957;101233;;Commercial;custom;;;30-7-2020 14:11;;2
56495021;101416;;Commercial;custom;;;30-7-2020 14:11;;2
56479174;112474;;Commercial;custom;;;30-7-2020 14:11;;2
56400845;101245;;Commercial;custom;;;30-7-2020 14:11;;2
56349939;103209;;Commercial;custom;;;30-7-2020 14:11;;2
56160887;101384;;Commercial;custom;;;30-7-2020 14:11;;2
56157622;101068;;Commercial;custom;;;30-7-2020 14:11;;2
56078900;101016;;Commercial;custom;;;30-7-2020 14:11;;2
56053312;101358;;Commercial;custom;;;30-7-2020 14:11;;2
54684889;111995;;Commercial;custom;;;30-7-2020 14:11;;2
53638069;101364;;Commercial;custom;;;30-7-2020 14:11;;2
53633253;101424;;Commercial;custom;;;30-7-2020 14:11;;2
53582586;101060;;Commercial;custom;;;30-7-2020 14:11;;2
53558502;101306;;Commercial;custom;;;30-7-2020 14:11;;2
53490495;101351;;Commercial;custom;;;30-7-2020 14:11;;2
53480376;101041;;Commercial;custom;;;30-7-2020 14:11;;2
53386051;103163;;Commercial;custom;;;30-7-2020 14:11;;2
53356535;103201;;Commercial;custom;;;30-7-2020 14:11;;2
53264770;103743;;Commercial;custom;;;30-7-2020 14:11;;2
53196309;103117;;Commercial;custom;;;30-7-2020 14:11;;2
61573906;101054;;Commercial;custom;;;30-7-2020 14:11;;2
61473553;101086;;Commercial;custom;;;30-7-2020 14:11;;2
61260053;101197;;Commercial;custom;;;30-7-2020 14:11;;2
60788046;101210;;Commercial;custom;;;30-7-2020 14:11;;2
60667389;101266;;Commercial;custom;;;30-7-2020 14:11;;2
60506490;101296;;Commercial;custom;;;30-7-2020 14:11;;2
60350911;101562;;Commercial;custom;;;30-7-2020 14:11;;2
62093797;101338;;Commercial;custom;;;30-7-2020 14:11;;2
65806883;101438;;Commercial;custom;;;30-7-2020 14:11;;2
65245571;101056;;Commercial;custom;;;30-7-2020 14:11;;2
65224035;112003;;Commercial;custom;;;30-7-2020 14:11;;2
65043626;101055;;Commercial;custom;;;30-7-2020 14:11;;2
64818128;101281;;Commercial;custom;;;30-7-2020 14:11;;2
64642429;101225;;Commercial;custom;;;30-7-2020 14:11;;2
64596893;101275;;Commercial;custom;;;30-7-2020 14:11;;2
63367866;101069;;Commercial;custom;;;30-7-2020 14:11;;2
62485474;101580;;Commercial;custom;;;30-7-2020 14:11;;2
62289888;101352;;Commercial;custom;;;30-7-2020 14:11;;2
60328517;101437;;Commercial;custom;;;30-7-2020 14:11;;2
60309350;101156;;Commercial;custom;;;30-7-2020 14:11;;2
60110554;101269;;Commercial;custom;;;30-7-2020 14:11;;2
58802258;104416;;Commercial;custom;;;30-7-2020 14:11;;2
58581634;101362;;Commercial;custom;;;30-7-2020 14:11;;2
58316051;111793;;Commercial;custom;;;30-7-2020 14:11;;2
58287965;101456;;Commercial;custom;;;30-7-2020 14:11;;2
58272968;103120;;Commercial;custom;;;30-7-2020 14:11;;2
58250131;101264;;Commercial;custom;;;30-7-2020 14:11;;2
58161651;101341;;Commercial;custom;;;30-7-2020 14:11;;2
58027459;101531;;Commercial;custom;;;30-7-2020 14:11;;2
57972559;101212;;Commercial;custom;;;30-7-2020 14:11;;2
57957312;101222;;Commercial;custom;;;30-7-2020 14:11;;2
57665346;101287;;Commercial;custom;;;30-7-2020 14:11;;2
57095795;101043;;Commercial;custom;;;30-7-2020 14:11;;2
56566808;101011;;Commercial;custom;;;30-7-2020 14:11;;2
60039604;101453;;Commercial;custom;;;30-7-2020 14:11;;2
59928735;101211;;Commercial;custom;;;30-7-2020 14:11;;2
59506873;101637;;Commercial;custom;;;30-7-2020 14:11;;2
59392002;101014;;Commercial;custom;;;30-7-2020 14:11;;2
88469697;103145;Klantnummer;Commercial;custom;;;7-7-2023 10:01;;2
57594333;111748;Klantnummer Vitelia;Commercial;custom;;;15-11-2022 12:40;;2
17248196;101415;;Commercial;custom;;;30-7-2020 14:11;;2
17247372;103366;;Commercial;custom;;;30-7-2020 14:11;;2
17246980;101293;;Commercial;custom;;;30-7-2020 14:11;;2
17215051;101027;;Commercial;custom;;;30-7-2020 14:11;;2
17270393;101339;;Commercial;custom;;;30-7-2020 14:11;;2
17211490;101326;;Commercial;custom;;;30-7-2020 14:11;;2
17207229;101001;;Commercial;custom;;;30-7-2020 14:11;;2
17157507;101659;;Commercial;custom;;;30-7-2020 14:11;;2
17152801;112228;;Commercial;custom;;;30-7-2020 14:11;;2
17142044;101108;;Commercial;custom;;;30-7-2020 14:11;;2
17139105;101274;;Commercial;custom;;;30-7-2020 14:11;;2
17137952;101106;;Commercial;custom;;;30-7-2020 14:11;;2
17162005;101177;;Commercial;custom;;;30-7-2020 14:11;;2
17129041;101263;;Commercial;custom;;;30-7-2020 14:11;;2
17107775;101312;;Commercial;custom;;;30-7-2020 14:11;;2
17099507;101324;;Commercial;custom;;;30-7-2020 14:11;;2
17095200;101020;;Commercial;custom;;;30-7-2020 14:11;;2
17093756;101167;;Commercial;custom;;;30-7-2020 14:11;;2
17091203;101255;;Commercial;custom;;;30-7-2020 14:11;;2
17080238;103116;;Commercial;custom;;;30-7-2020 14:11;;2
17121046;101300;;Commercial;custom;;;30-7-2020 14:11;;2
17165806;101057;;Commercial;custom;;;30-7-2020 14:11;;2
17168296;101072;;Commercial;custom;;;30-7-2020 14:11;;2
17171491;111814;;Commercial;custom;;;30-7-2020 14:11;;2
17275624;101394;;Commercial;custom;;;30-7-2020 14:11;;2
17077847;101013;;Commercial;custom;;;30-7-2020 14:11;;2
37152850;101005;;Commercial;custom;;;30-7-2020 14:11;;2
37141267;101388;;Commercial;custom;;;30-7-2020 14:11;;2
24218959;101547;;Commercial;custom;;;30-7-2020 14:11;;2
20166594;101083;;Commercial;custom;;;30-7-2020 14:11;;2
20164462;101285;;Commercial;custom;;;30-7-2020 14:11;;2
20138963;101393;;Commercial;custom;;;30-7-2020 14:11;;2
18088972;101007;;Commercial;custom;;;30-7-2020 14:11;;2
18057634;103183;;Commercial;custom;;;30-7-2020 14:11;;2
18048468;101199;;Commercial;custom;;;30-7-2020 14:11;;2
18032758;101411;;Commercial;custom;;;30-7-2020 14:11;;2
17281789;101262;Vitelia klantnummer;Commercial;custom;;;30-7-2020 14:11;;2
17050808;101218;;Commercial;custom;;;30-7-2020 14:11;;2
17038191;101175;;Commercial;custom;;;30-7-2020 14:11;;2
17036811;101046;;Commercial;custom;;;30-7-2020 14:11;;2
14113962;101596;;Commercial;custom;;;30-7-2020 14:11;;2
14113923;101051;;Commercial;custom;;;30-7-2020 14:11;;2
14113762;101577;;Commercial;custom;;;30-7-2020 14:11;;2
14113580;111993;;Commercial;custom;;;30-7-2020 14:11;;2
14113530;103131;;Commercial;custom;;;30-7-2020 14:11;;2
12049893;112031;;Commercial;custom;;;30-7-2020 14:11;;2
12052741;101050;;Commercial;custom;;;30-7-2020 14:11;;2
77878566;101021;;Commercial;custom;;;30-7-2020 14:11;;2
77840186;101344;;Commercial;custom;;;30-7-2020 14:11;;2
77750861;101053;;Commercial;custom;;;30-7-2020 14:11;;2
77722221;101633;;Commercial;custom;;;30-7-2020 14:11;;2
75166682;101270;;Commercial;custom;;;30-7-2020 14:11;;2
74556630;101530;;Commercial;custom;;;30-7-2020 14:11;;2
74430750;101024;;Commercial;custom;;;30-7-2020 14:11;;2
73853100;103122;;Commercial;custom;;;30-7-2020 14:11;;2
73637556;101656;;Commercial;custom;;;30-7-2020 14:11;;2
73621528;101314;;Commercial;custom;;;30-7-2020 14:11;;2
73538116;101321;;Commercial;custom;;;30-7-2020 14:11;;2
73489581;101004;;Commercial;custom;;;30-7-2020 14:11;;2
73338885;101375;;Commercial;custom;;;30-7-2020 14:11;;2
73177946;101114;;Commercial;custom;;;30-7-2020 14:11;;2
75209942;101139;;Commercial;custom;;;30-7-2020 14:11;;2
66369797;104005;;Commercial;custom;;;30-7-2020 14:11;;2
75226189;101652;;Commercial;custom;;;30-7-2020 14:11;;2
77655842;112732;;Commercial;custom;;;30-7-2020 14:11;;2
77603257;112265;;Commercial;custom;;;30-7-2020 14:11;;2
77313380;103498;;Commercial;custom;;;30-7-2020 14:11;;2
77150554;101297;;Commercial;custom;;;30-7-2020 14:11;;2
77094425;103475;;Commercial;custom;;;30-7-2020 14:11;;2
76960277;103155;;Commercial;custom;;;30-7-2020 14:11;;2
76816877;103141;;Commercial;custom;;;30-7-2020 14:11;;2
53140575;101205;;Commercial;custom;;;30-7-2020 14:11;;2
53140281;103112;;Commercial;custom;;;30-7-2020 14:11;;2
56521979;101040;;Commercial;custom;;;30-7-2020 14:11;;2
53962737;101361;;Commercial;custom;;;30-7-2020 14:11;;2
54547458;101000;;Commercial;custom;;;30-7-2020 14:11;;2
54545323;101320;;Commercial;custom;;;30-7-2020 14:11;;2
54482690;112224;;Commercial;custom;;;30-7-2020 14:11;;2
54470501;101365;;Commercial;custom;;;30-7-2020 14:11;;2
54355389;103181;;Commercial;custom;;;30-7-2020 14:11;;2
54332265;101359;;Commercial;custom;;;30-7-2020 14:11;;2
54290201;101208;;Commercial;custom;;;30-7-2020 14:11;;2
54143934;101238;;Commercial;custom;;;30-7-2020 14:11;;2
54141184;101574;;Commercial;custom;;;30-7-2020 14:11;;2
54093252;104105;;Commercial;custom;;;30-7-2020 14:11;;2
54056861;111985;;Commercial;custom;;;30-7-2020 14:11;;2
54000785;101317;;Commercial;custom;;;30-7-2020 14:11;;2
53810538;101228;;Commercial;custom;;;30-7-2020 14:11;;2
57031614;101235;;Commercial;custom;;;30-7-2020 14:11;;2
61774251;101433;;Commercial;custom;;;30-7-2020 14:11;;2
61759902;101436;;Commercial;custom;;;30-7-2020 14:11;;2
61758906;101219;;Commercial;custom;;;30-7-2020 14:11;;2
61740942;101400;;Commercial;custom;;;30-7-2020 14:11;;2
62010395;103134;;Commercial;custom;;;30-7-2020 14:11;;2
11011820;101480;;Commercial;custom;;;30-7-2020 14:11;;2
12017531;101599;;Commercial;custom;;;30-7-2020 14:11;;2
12017532;101305;;Commercial;custom;;;30-7-2020 14:11;;2
12020810;101611;;Commercial;custom;;;30-7-2020 14:11;;2
12020810;101605;;Commercial;custom;;;30-7-2020 14:11;;2
12021181;101567;;Commercial;custom;;;30-7-2020 14:11;;2
12021181;101566;;Commercial;custom;;;30-7-2020 14:11;;2
12022889;104270;;Commercial;custom;;;30-7-2020 14:11;;2
12023864;101206;;Commercial;custom;;;30-7-2020 14:11;;2
12027047;101044;;Commercial;custom;;;30-7-2020 14:11;;2
12028015;104376;;Commercial;custom;;;30-7-2020 14:11;;2
12028787;101407;;Commercial;custom;;;30-7-2020 14:11;;2
12035790;103556;;Commercial;custom;;;30-7-2020 14:11;;2
12030822;101583;;Commercial;custom;;;30-7-2020 14:11;;2
12031960;101195;;Commercial;custom;;;30-7-2020 14:11;;2
12032526;101418;;Commercial;custom;;;30-7-2020 14:11;;2
12032642;101301;;Commercial;custom;;;30-7-2020 14:11;;2
12035065;101403;;Commercial;custom;;;30-7-2020 14:11;;2
11060514;101546;;Commercial;custom;;;30-7-2020 14:11;;2
12035790;101155;;Commercial;custom;;;30-7-2020 14:11;;2
59564563;101094;Klantnr;Commercial;custom;;;11-3-2021 11:26;;2
74484184;116997;Klantnummer Vitelia;Commercial;custom;;;24-3-2022 09:25;;2
61594458;115394;Klantnummer Vitelia;Commercial;custom;;;18-11-2021 13:12;;2
14111205;101065;Klantnr;Commercial;custom;;;11-3-2021 12:35;;2
89905016;101412;;Commercial;custom;;;30-7-2020 14:11;;1
17277458;112506;Klantnummer Vitelia;Commercial;custom;;;18-11-2021 13:11;;2
56112238;101034;Klantnummer Vitelia;Commercial;custom;;;25-11-2021 11:49;;2
17281316;101090;;Commercial;custom;11-6-2020 00:00;;30-7-2020 14:11;;2
17281316;101091;Klantnummer (overgenomen uit EDI-Circle);Commercial;custom;;;13-9-2020 19:23;;2
17281316;101092;Klantnummer (overgenomen uit EDI-Circle);Commercial;custom;;;13-9-2020 19:23;;2
59564563;101093;;Commercial;custom;11-6-2020 00:00;;30-7-2020 14:11;;2
65815807;101230;;Commercial;custom;11-6-2020 00:00;;30-7-2020 14:11;;2
58287965;101459;Klantnummer (overgenomen uit EDI-Circle);Commercial;custom;;;4-11-2020 20:01;;2
58287965;101461;Klantnummer (overgenomen uit EDI-Circle);Commercial;custom;;;4-11-2020 20:01;;2
58287965;101462;Klantnummer (overgenomen uit EDI-Circle);Commercial;custom;;;4-11-2020 20:01;;2
14115461;101529;Klantnummer (overgenomen uit EDI-Circle);Commercial;custom;;;25-3-2021 14:01;;2
13030069;101643;Klantnr;Commercial;custom;;;10-3-2021 14:45;;2
57957312;103124;Klantnr;Commercial;custom;;;11-3-2021 07:28;;2
77655842;112734;Klantnummer (overgenomen uit EDI-Circle);Commercial;custom;;;13-10-2020 22:00;;2
78436524;113327;Klantnummer (overgenomen uit EDI-Circle);Commercial;custom;;;13-9-2020 19:23;;2
59988355;115569;Klantnummer (overgenomen uit EDI-Circle);Commercial;custom;;;6-4-2021 19:01;;2
58287965;101458;Klantnummer (overgenomen uit EDI-Circle);Commercial;custom;;;4-11-2020 20:01;;2
58287965;101460;Klantnummer (overgenomen uit EDI-Circle);Commercial;custom;;;4-11-2020 20:01;;2
14115461;101528;Klantnr;Commercial;custom;;;10-3-2021 15:07;;2
13030069;101642;Klantnr;Commercial;custom;;;10-3-2021 14:45;;2
58287965;103185;Klantnummer (overgenomen uit EDI-Circle);Commercial;custom;;;4-11-2020 20:01;;2
77655842;112738;Klantnummer (overgenomen uit EDI-Circle);Commercial;custom;;;13-10-2020 22:00;;2
77698525;114622;Klantnummer (overgenomen uit EDI-Circle);Commercial;custom;;;8-4-2021 10:02;;2
59988355;115572;Klantnummer (overgenomen uit EDI-Circle);Commercial;custom;;;6-4-2021 19:01;;2
59564563;101095;Klantnr;Commercial;custom;;;11-3-2021 11:26;;2
58287965;101457;Klantnummer (overgenomen uit EDI-Circle);Commercial;custom;;;4-11-2020 20:01;;2
85448923;117482;Klantnummer Vitelia;Commercial;custom;;;10-8-2022 07:57;;2
71398287;112510;Klantnummer Vitelia;Commercial;custom;;;7-3-2023 08:44;;2
52994503;101553;Klantnummer Vitelia;Commercial;custom;;;15-9-2022 08:55;;2
52994503;101554;Klantnummer Vitelia;Commercial;custom;;;15-9-2022 08:55;;2
52994503;101555;Klantnummer Vitelia;Commercial;custom;;;15-9-2022 08:56;;2
14114129;101196;Mapping;Commercial;custom;;;23-8-2022 17:36;;2
14124144;111878;Klantnummer Vitelia;Commercial;custom;;;28-2-2023 07:55;;2
52994503;118188;Klantnummer Vitelia;Commercial;custom;;;22-12-2022 09:08;;2
88107329;101334;;Commercial;custom;;;30-7-2020 14:11;;1
89001206;118277;Klantnummer Vitelia;Commercial;custom;;;8-2-2023 12:43;;2
88871932;118265;Klantnummer Vitelia;Commercial;custom;;;17-2-2023 10:23;;2
14127894;115364;Klantnummer Vitelia;Commercial;custom;;;6-3-2023 07:22;;2
88871932;101342;Klantnummer (overgenomen uit EDI-Circle);Commercial;custom;;;30-7-2020 14:11;;2
68127154;116055;;Commercial;custom;;;25-1-2023 13:11;;2
17145268;112534;;Commercial;custom;;;25-1-2023 13:12;;2
73177946;101116;Klantnummer Vitelia;Commercial;custom;;;10-10-2023 14:26;;2
81374690;114639;Klantnummer Vitelia;Commercial;custom;;;10-10-2023 14:19;;2
57562326;115687;;Commercial;custom;;;25-1-2023 13:09;;2
88107329;118147;Klantnummer Vitelia;Commercial;custom;;;18-4-2023 08:49;;2
89267281;101526;Klantnummer (overgenomen uit EDI-Circle);Commercial;custom;;;3-12-2020 11:01;;1
89267281;101525;Klantnummer (overgenomen uit EDI-Circle);Commercial;custom;;;3-12-2020 11:01;;1
89267281;101524;;Commercial;custom;;;30-7-2020 14:11;;1
89174941;118357;Klantnummer Vitelia;Commercial;custom;;;5-4-2023 07:46;;2
89267281;118341;Klantnummer Vitelia;Commercial;custom;;;5-4-2023 07:46;;2
90436962;118489;Klantnummer Vitelia;Commercial;custom;;;12-7-2023 07:34;;2
58273786;116751;Klantnummer Vitelia;Commercial;custom;;;11-9-2023 12:14;;2
89905016;118497;Klantnummer Vitelia;Commercial;custom;;;14-7-2023 10:31;;2
81546025;118475;Klantnummer Vitelia;Commercial;custom;;;4-8-2023 12:53;;2
88704041;118237;;Commercial;custom;;;4-9-2023 10:01;;2
77975383;118418;;Commercial;custom;;;4-9-2023 10:01;;2
63139685;111879;Klantnummer Vitelia;Commercial;custom;;;6-9-2023 08:16;;2
12029218;101591;Klantnummer Vitelia;Commercial;custom;;;17-10-2023 10:03;;2
81546025;115130;Klantnummer Vitelia;Commercial;custom;;;23-10-2023 11:13;;2
12029218;101592;Klantnummer Vitelia;Commercial;custom;;;17-10-2023 10:03;;2
81546025;115132;Klantnummer Vitelia;Commercial;custom;;;23-10-2023 11:13;;2
70468427;117017;Klantnummer Vitelia;Commercial;custom;;;23-10-2023 12:21;;2
81546025;115134;Klantnummer Vitelia;Commercial;custom;;;23-10-2023 11:13;;2
81546025;115136;Klantnummer Vitelia;Commercial;custom;;;23-10-2023 11:17;;2
81546025;115126;Klantnummer Vitelia;Commercial;custom;;;23-10-2023 11:13;;2
81546025;115124;Klantnummer Vitelia;Commercial;custom;;;23-10-2023 11:17;;2
57957312;103126;Klantnummer Vitelia;Commercial;custom;;;19-10-2023 12:42;;2
66745918;101589;Klantnummer Vitelia;Commercial;custom;;;23-10-2023 12:21;;2
77722221;101634;Klantnummer Vitelia;Commercial;custom;;;23-10-2023 12:21;;2
77722221;101635;Klantnummer Vitelia;Commercial;custom;;;23-10-2023 12:24;;2
53140281;101378;Klantnummer Vitelia;Commercial;custom;;;23-10-2023 12:27;;2
77722221;101636;Klantnummer Vitelia;Commercial;custom;;;23-10-2023 12:24;;2
76789144;101667;Klantnummer Vitelia;Commercial;custom;;;23-10-2023 12:26;;2
76789144;101668;Klantnummer Vitelia;Commercial;custom;;;23-10-2023 12:27;;2
53140281;112071;Klantnummer Vitelia;Commercial;custom;;;23-10-2023 12:28;;2
89174941;118208;Klantnummer Vitelia;Commercial;custom;;;28-2-2023 09:05;;1
53386051;117078;Klantnummer Vitelia;Commercial;custom;;;23-10-2023 12:28;;2
53386051;117076;Klantnummer Vitelia;Commercial;custom;;;23-10-2023 12:28;;2
69714568;113592;Klantnummer Vitelia;Commercial;custom;;;2-11-2023 09:37;;2
86171402;101019;;Commercial;custom;;;30-7-2020 14:11;;1
12041238;101617;Klantnummer Vitelia;Commercial;custom;;;25-9-2023 14:07;;2
12041238;101618;Klantnummer Vitelia;Commercial;custom;;;25-9-2023 14:07;;2
12041238;101623;Klantnummer Vitelia;Commercial;custom;;;25-9-2023 14:08;;2
12041238;101624;Klantnummer Vitelia;Commercial;custom;;;25-9-2023 14:08;;2
12041238;101625;Klantnummer Vitelia;Commercial;custom;;;25-9-2023 14:08;;2
12041238;103373;Klantnummer Vitelia;Commercial;custom;;;25-9-2023 14:08;;2
12041238;112231;Klantnummer Vitelia;Commercial;custom;;;25-9-2023 14:08;;2
74482718;114363;Klantnummer Vitelia;Commercial;custom;;;26-9-2023 13:36;;2
17270073;118499;Klantnummer Vitelia;Commercial;custom;;;26-9-2023 13:36;;2
54158672;117889;;Commercial;custom;;;28-11-2023 09:25;;2
54158672;117892;;Commercial;custom;;;28-11-2023 09:25;;2
14129285;118822;Klantnummer Vitelia;Commercial;custom;;;6-12-2023 14:20;;2
17208000;116505;Klantnummer Vitelia;Commercial;custom;;;12-12-2023 11:45;;2
14129285;118825;Klantnummer Vitelia;Commercial;custom;;;6-12-2023 14:20;;2
